{"cameraMode":{"drawMode":0,"name":"Shaded","section":"Shading Mode"},"sceneLighting":false,"audioPlay":false,"sceneViewState":{"showFog":true,"showMaterialUpdate":false,"showSkybox":false,"showFlares":true,"showImageEffects":true,"showParticleSystems":true},"in2DMode":false,"pivot":{"x":-0.366128146648407,"y":-0.15197908878326417,"z":-1.2804663181304932},"rotation":{"x":-0.02119627222418785,"y":0.9793190956115723,"z":-0.152761310338974,"w":-0.1323803961277008},"size":3.937492609024048,"orthographic":false}